{
  "code": 0,
  "msg": "成功",
  "data": {
    "dyui": [
      {
        "name": "life_nearby_bank",
        "vc": "0",
        "mod": "life",
        "desc": "附近-银行",
        "url": "http://cache.amap.com/h5/dyui/aui.zip",
        "md5": "759fac3ef27550ece7256a9f16677a45"
      },
      {
        "name": "life_nearby_drive",
        "vc": "0",
        "mod": "life",
        "desc": "附近-美食",
        "url": "http://cache.amap.com/h5/dyui/aui.zip",
        "md5": "759fac3ef27550ece7256a9f16677a45"
      },
      {
        "name": "operation_feedback_detail",
        "vc": "0",
        "mod": "operation",
        "desc": "意见反馈-详情页",
        "url": "http://cache.amap.com/h5/dyui/aui.zip",
        "md5": "759fac3ef27550ece7256a9f16677a45"
      },
      {
        "name": "life_nearby_feed",
        "vc": "0",
        "mod": "life",
        "desc": "附近",
        "url": "",
        "md5": ""
      }
    ]
  }
}