[
  {
    "category": [
      {
        "name": "\u5168\u7ebf",
        "value": "subway_station_flag=1;subway_line=1\u53f7\u7ebf;query_type=tquery"
      },
      {
        "name": "\u5830\u6865",
        "value": "subway_station_flag=1;subway_line=1\u53f7\u7ebf;query_type=rqbxy;range=5000;x=120.314926;y=31.675603"
      },
      {
        "name": "\u9521\u5317\u8fd0\u6cb3",
        "value": "subway_station_flag=1;subway_line=1\u53f7\u7ebf;query_type=rqbxy;range=5000;x=120.314882;y=31.662586"
      },
      {
        "name": "\u897f\u6f33",
        "value": "subway_station_flag=1;subway_line=1\u53f7\u7ebf;query_type=rqbxy;range=5000;x=120.303611;y=31.645562"
      },
      {
        "name": "\u5929\u4e00",
        "value": "subway_station_flag=1;subway_line=1\u53f7\u7ebf;query_type=rqbxy;range=5000;x=120.304342;y=31.637811"
      },
      {
        "name": "\u5218\u6f6d",
        "value": "subway_station_flag=1;subway_line=1\u53f7\u7ebf;query_type=rqbxy;range=5000;x=120.304303;y=31.626759"
      },
      {
        "name": "\u5e84\u524d",
        "value": "subway_station_flag=1;subway_line=1\u53f7\u7ebf;query_type=rqbxy;range=5000;x=120.30502;y=31.609983"
      },
      {
        "name": "\u6c11\u4e30",
        "value": "subway_station_flag=1;subway_line=1\u53f7\u7ebf;query_type=rqbxy;range=5000;x=120.303536;y=31.600874"
      },
      {
        "name": "\u65e0\u9521\u706b\u8f66\u7ad9",
        "value": "subway_station_flag=1;subway_line=1\u53f7\u7ebf;query_type=rqbxy;range=5000;x=120.306745;y=31.58938"
      },
      {
        "name": "\u80dc\u5229\u95e8",
        "value": "subway_station_flag=1;subway_line=1\u53f7\u7ebf;query_type=rqbxy;range=5000;x=120.29987;y=31.582333"
      },
      {
        "name": "\u4e09\u9633\u5e7f\u573a",
        "value": "subway_station_flag=1;subway_line=1\u53f7\u7ebf;query_type=rqbxy;range=5000;x=120.299731;y=31.576415"
      },
      {
        "name": "\u5357\u7985\u5bfa",
        "value": "subway_station_flag=1;subway_line=1\u53f7\u7ebf;query_type=rqbxy;range=5000;x=120.305949;y=31.567659"
      },
      {
        "name": "\u8c08\u6e21\u6865",
        "value": "subway_station_flag=1;subway_line=1\u53f7\u7ebf;query_type=rqbxy;range=5000;x=120.305098;y=31.561992"
      },
      {
        "name": "\u592a\u6e56\u5e7f\u573a",
        "value": "subway_station_flag=1;subway_line=1\u53f7\u7ebf;query_type=rqbxy;range=5000;x=120.305187;y=31.555256"
      },
      {
        "name": "\u6e05\u540d\u6865",
        "value": "subway_station_flag=1;subway_line=1\u53f7\u7ebf;query_type=rqbxy;range=5000;x=120.311275;y=31.549258"
      },
      {
        "name": "\u4eba\u6c11\u533b\u9662",
        "value": "subway_station_flag=1;subway_line=1\u53f7\u7ebf;query_type=rqbxy;range=5000;x=120.31928;y=31.541949"
      },
      {
        "name": "\u534e\u6e05\u5927\u6865",
        "value": "subway_station_flag=1;subway_line=1\u53f7\u7ebf;query_type=rqbxy;range=5000;x=120.327821;y=31.533974"
      },
      {
        "name": "\u626c\u540d",
        "value": "subway_station_flag=1;subway_line=1\u53f7\u7ebf;query_type=rqbxy;range=5000;x=120.324738;y=31.521294"
      },
      {
        "name": "\u5357\u6e56\u5bb6\u56ed",
        "value": "subway_station_flag=1;subway_line=1\u53f7\u7ebf;query_type=rqbxy;range=5000;x=120.324183;y=31.509789"
      },
      {
        "name": "\u5858\u94c1\u6865",
        "value": "subway_station_flag=1;subway_line=1\u53f7\u7ebf;query_type=rqbxy;range=5000;x=120.32588;y=31.500895"
      },
      {
        "name": "\u91d1\u532e\u516c\u56ed",
        "value": "subway_station_flag=1;subway_line=1\u53f7\u7ebf;query_type=rqbxy;range=5000;x=120.320538;y=31.493526"
      },
      {
        "name": "\u5e02\u6c11\u4e2d\u5fc3",
        "value": "subway_station_flag=1;subway_line=1\u53f7\u7ebf;query_type=rqbxy;range=5000;x=120.305584;y=31.491018"
      },
      {
        "name": "\u6587\u5316\u5bab",
        "value": "subway_station_flag=1;subway_line=1\u53f7\u7ebf;query_type=rqbxy;range=5000;x=120.291169;y=31.490009"
      },
      {
        "name": "\u6c5f\u5357\u5927\u5b66",
        "value": "subway_station_flag=1;subway_line=1\u53f7\u7ebf;query_type=rqbxy;range=5000;x=120.278587;y=31.48417"
      },
      {
        "name": "\u957f\u5e7f\u6eaa",
        "value": "subway_station_flag=1;subway_line=1\u53f7\u7ebf;query_type=rqbxy;range=5000;x=120.277399;y=31.473466"
      }
    ],
    "name": "1\u53f7\u7ebf"
  }
]