[
  {
    "category": [
      {
        "name": "\u5168\u7ebf",
        "value": "subway_station_flag=1;subway_line=1\u53f7\u7ebf;query_type=tquery"
      },
      {
        "name": "\u4e1c\u73af\u5357\u8def",
        "value": "subway_station_flag=1;subway_line=1\u53f7\u7ebf;query_type=rqbxy;range=5000;x=121.650587;y=29.853024"
      },
      {
        "name": "\u76db\u83ab\u8def",
        "value": "subway_station_flag=1;subway_line=1\u53f7\u7ebf;query_type=rqbxy;range=5000;x=121.63629;y=29.85653"
      },
      {
        "name": "\u798f\u5e86\u5317\u8def",
        "value": "subway_station_flag=1;subway_line=1\u53f7\u7ebf;query_type=rqbxy;range=5000;x=121.624172;y=29.858801"
      },
      {
        "name": "\u6d77\u664f\u5317\u8def",
        "value": "subway_station_flag=1;subway_line=1\u53f7\u7ebf;query_type=rqbxy;range=5000;x=121.61437;y=29.860557"
      },
      {
        "name": "\u4e16\u7eaa\u5927\u9053",
        "value": "subway_station_flag=1;subway_line=1\u53f7\u7ebf;query_type=rqbxy;range=5000;x=121.602005;y=29.859027"
      },
      {
        "name": "\u798f\u660e\u8def",
        "value": "subway_station_flag=1;subway_line=1\u53f7\u7ebf;query_type=rqbxy;range=5000;x=121.592949;y=29.861021"
      },
      {
        "name": "\u6a31\u82b1\u516c\u56ed",
        "value": "subway_station_flag=1;subway_line=1\u53f7\u7ebf;query_type=rqbxy;range=5000;x=121.581364;y=29.864336"
      },
      {
        "name": "\u821f\u5b5f\u5317\u8def",
        "value": "subway_station_flag=1;subway_line=1\u53f7\u7ebf;query_type=rqbxy;range=5000;x=121.574006;y=29.867239"
      },
      {
        "name": "\u6c5f\u53a6\u6865\u4e1c",
        "value": "subway_station_flag=1;subway_line=1\u53f7\u7ebf;query_type=rqbxy;range=5000;x=121.565095;y=29.86941"
      },
      {
        "name": "\u4e1c\u95e8\u53e3",
        "value": "subway_station_flag=1;subway_line=1\u53f7\u7ebf;query_type=rqbxy;range=5000;x=121.556436;y=29.871196"
      },
      {
        "name": "\u9f13\u697c",
        "value": "subway_station_flag=1;subway_line=1\u53f7\u7ebf;query_type=rqbxy;range=5000;x=121.54918;y=29.872972"
      },
      {
        "name": "\u897f\u95e8\u53e3",
        "value": "subway_station_flag=1;subway_line=1\u53f7\u7ebf;query_type=rqbxy;range=5000;x=121.539833;y=29.874874"
      },
      {
        "name": "\u5927\u537f\u6865",
        "value": "subway_station_flag=1;subway_line=1\u53f7\u7ebf;query_type=rqbxy;range=5000;x=121.531755;y=29.876681"
      },
      {
        "name": "\u6cfd\u6c11",
        "value": "subway_station_flag=1;subway_line=1\u53f7\u7ebf;query_type=rqbxy;range=5000;x=121.520971;y=29.878661"
      },
      {
        "name": "\u671b\u6625\u6865",
        "value": "subway_station_flag=1;subway_line=1\u53f7\u7ebf;query_type=rqbxy;range=5000;x=121.508803;y=29.881938"
      },
      {
        "name": "\u5f90\u5bb6\u6f15\u957f\u4e50",
        "value": "subway_station_flag=1;subway_line=1\u53f7\u7ebf;query_type=rqbxy;range=5000;x=121.496926;y=29.887538"
      },
      {
        "name": "\u82a6\u6e2f",
        "value": "subway_station_flag=1;subway_line=1\u53f7\u7ebf;query_type=rqbxy;range=5000;x=121.48709;y=29.890386"
      },
      {
        "name": "\u6881\u795d",
        "value": "subway_station_flag=1;subway_line=1\u53f7\u7ebf;query_type=rqbxy;range=5000;x=121.476396;y=29.894809"
      },
      {
        "name": "\u9ad8\u6865",
        "value": "subway_station_flag=1;subway_line=1\u53f7\u7ebf;query_type=rqbxy;range=5000;x=121.464023;y=29.901562"
      },
      {
        "name": "\u9ad8\u6865\u897f",
        "value": "subway_station_flag=1;subway_line=1\u53f7\u7ebf;query_type=rqbxy;range=5000;x=121.453705;y=29.91114"
      }
    ],
    "name": "1\u53f7\u7ebf"
  }
]