[
  {
    "category": [
      {
        "name": "\u5168\u7ebf",
        "value": "subway_station_flag=1;subway_line=2\u53f7\u7ebf;query_type=tquery"
      },
      {
        "name": "\u5149\u8fbe",
        "value": "subway_station_flag=1;subway_line=2\u53f7\u7ebf;query_type=rqbxy;range=5000;x=113.08517;y=28.148031"
      },
      {
        "name": "\u957f\u6c99\u706b\u8f66\u5357\u7ad9",
        "value": "subway_station_flag=1;subway_line=2\u53f7\u7ebf;query_type=rqbxy;range=5000;x=113.063609;y=28.146436"
      },
      {
        "name": "\u675c\u82b1\u8def",
        "value": "subway_station_flag=1;subway_line=2\u53f7\u7ebf;query_type=rqbxy;range=5000;x=113.056551;y=28.146353"
      },
      {
        "name": "\u6c99\u6e7e\u516c\u56ed",
        "value": "subway_station_flag=1;subway_line=2\u53f7\u7ebf;query_type=rqbxy;range=5000;x=113.044896;y=28.157673"
      },
      {
        "name": "\u957f\u6c99\u5927\u9053",
        "value": "subway_station_flag=1;subway_line=2\u53f7\u7ebf;query_type=rqbxy;range=5000;x=113.044565;y=28.16815"
      },
      {
        "name": "\u4eba\u6c11\u4e1c\u8def",
        "value": "subway_station_flag=1;subway_line=2\u53f7\u7ebf;query_type=rqbxy;range=5000;x=113.038688;y=28.184251"
      },
      {
        "name": "\u4e07\u5bb6\u4e3d\u5e7f\u573a",
        "value": "subway_station_flag=1;subway_line=2\u53f7\u7ebf;query_type=rqbxy;range=5000;x=113.030457;y=28.191491"
      },
      {
        "name": "\u9526\u6cf0\u5e7f\u573a",
        "value": "subway_station_flag=1;subway_line=2\u53f7\u7ebf;query_type=rqbxy;range=5000;x=113.018406;y=28.191956"
      },
      {
        "name": "\u957f\u6c99\u706b\u8f66\u7ad9",
        "value": "subway_station_flag=1;subway_line=2\u53f7\u7ebf;query_type=rqbxy;range=5000;x=113.010987;y=28.193633"
      },
      {
        "name": "\u8881\u5bb6\u5cad",
        "value": "subway_station_flag=1;subway_line=2\u53f7\u7ebf;query_type=rqbxy;range=5000;x=113.00085;y=28.194512"
      },
      {
        "name": "\u8fce\u5bbe\u8def\u53e3",
        "value": "subway_station_flag=1;subway_line=2\u53f7\u7ebf;query_type=rqbxy;range=5000;x=112.991551;y=28.194952"
      },
      {
        "name": "\u8299\u84c9\u5e7f\u573a",
        "value": "subway_station_flag=1;subway_line=2\u53f7\u7ebf;query_type=rqbxy;range=5000;x=112.984051;y=28.194791"
      },
      {
        "name": "\u4e94\u4e00\u5e7f\u573a",
        "value": "subway_station_flag=1;subway_line=2\u53f7\u7ebf;query_type=rqbxy;range=5000;x=112.976357;y=28.195242"
      },
      {
        "name": "\u6e58\u6c5f\u4e2d\u8def",
        "value": "subway_station_flag=1;subway_line=2\u53f7\u7ebf;query_type=rqbxy;range=5000;x=112.969245;y=28.195352"
      },
      {
        "name": "\u6a58\u5b50\u6d32",
        "value": "subway_station_flag=1;subway_line=2\u53f7\u7ebf;query_type=rqbxy;range=5000;x=112.962333;y=28.195609"
      },
      {
        "name": "\u6e81\u6e7e\u9547",
        "value": "subway_station_flag=1;subway_line=2\u53f7\u7ebf;query_type=rqbxy;range=5000;x=112.951367;y=28.197255"
      },
      {
        "name": "\u897f\u6e56\u516c\u56ed",
        "value": "subway_station_flag=1;subway_line=2\u53f7\u7ebf;query_type=rqbxy;range=5000;x=112.939953;y=28.202593"
      },
      {
        "name": "\u91d1\u661f\u8def",
        "value": "subway_station_flag=1;subway_line=2\u53f7\u7ebf;query_type=rqbxy;range=5000;x=112.929004;y=28.205865"
      },
      {
        "name": "\u671b\u57ce\u5761",
        "value": "subway_station_flag=1;subway_line=2\u53f7\u7ebf;query_type=rqbxy;range=5000;x=112.915108;y=28.207604"
      }
    ],
    "name": "2\u53f7\u7ebf"
  }
]